timestamp,accel_x,accel_y,accel_z,label
0,-344,418,15392,vibration
100,-779,-1856,14812,landslide
200,-55,54,16282,vibration
300,86,-339,12509,landslide
400,-31,-14,16640,normal
500,8,-38,16364,normal
600,-900,887,12665,landslide
700,69,775,10625,landslide
800,-5,11,16434,normal
900,31,28,16216,normal
1000,-1,-10,16215,normal
1100,-659,-188,14155,landslide
1200,-3,2,16599,normal
1300,467,127,16093,vibration
1400,-28,23,16049,normal
1500,505,1597,11895,landslide
1600,-303,127,16249,vibration
1700,18,-42,16155,normal
1800,849,1017,11891,landslide
1900,-21,5,16180,normal
2000,-47,47,16211,normal
2100,7,-31,16185,normal
2200,-723,1251,14341,landslide
2300,13,16,16526,normal
2400,-28,-45,16576,normal
2500,-2,-35,16482,normal
2600,821,1369,13087,landslide
2700,331,133,16058,vibration
2800,-1231,1173,15182,landslide
2900,-2,-3,16454,normal
3000,43,22,16287,normal
3100,-345,-39,15829,vibration
3200,4,358,15643,vibration
3300,128,238,16363,vibration
3400,33,45,16599,normal
3500,-38,-6,16304,normal
3600,39,-9,16599,normal
3700,113,78,16318,vibration
3800,335,1881,15388,landslide
3900,1,-31,16305,normal
4000,-40,39,16253,normal
4100,-266,483,15148,vibration
4200,-1896,277,12087,landslide
4300,-12,25,16536,normal
4400,-16,-22,16688,normal
4500,-341,86,16379,vibration
4600,-1647,-1526,13172,landslide
4700,829,-45,14580,landslide
4800,-399,-285,15898,vibration
4900,398,49,15021,vibration
5000,23,-496,15497,vibration
5100,4,47,16486,normal
5200,24,-32,16240,normal
5300,-46,-45,16505,normal
5400,725,-1796,15203,landslide
5500,-171,-128,16471,vibration
5600,-40,-40,16198,normal
5700,-48,39,16362,normal
5800,-244,-122,15281,vibration
5900,-41,-44,16017,normal
6000,-407,254,15627,vibration
6100,-308,196,15740,vibration
6200,36,24,16249,normal
6300,-201,254,15003,vibration
6400,438,159,15449,vibration
6500,-22,36,16400,normal
6600,13,-3,16669,normal
6700,-346,-167,15140,vibration
6800,166,541,15554,landslide
6900,73,-1094,13457,landslide
7000,14,-2,16192,normal
7100,46,-36,16685,normal
7200,359,1159,12080,landslide
7300,13,-27,16301,normal
7400,-1801,-651,15415,landslide
7500,-40,-183,16369,vibration
7600,-148,-277,15527,vibration
7700,23,48,16413,normal
7800,-9,-40,16278,normal
7900,-21,50,16352,normal
8000,-16,5,16239,normal
8100,-23,1,16481,normal
8200,391,374,16072,vibration
8300,880,-1045,12177,landslide
8400,1026,629,13468,landslide
8500,-22,-28,16020,normal
8600,-36,-30,16210,normal
8700,-20,5,16426,normal
8800,194,-495,16121,vibration
8900,-15,-8,16654,normal
9000,-347,-449,15297,vibration
9100,-19,-40,16131,normal
9200,-18,31,16509,normal
9300,-39,15,16205,normal
9400,-2,0,16631,normal
9500,30,29,16434,normal
9600,5,-38,16407,normal
9700,-331,439,16123,vibration
9800,19,21,16316,normal
9900,146,-253,15374,vibration
10000,-1262,-333,11462,landslide
10100,500,-279,16236,vibration
10200,39,44,16047,normal
10300,-14,-1,16698,normal
10400,477,-1479,13377,landslide
10500,-590,579,13354,landslide
10600,-137,176,15523,vibration
10700,-193,-471,15583,vibration
10800,477,195,15707,vibration
10900,-1093,1999,13310,landslide
11000,-1,20,16507,normal
11100,-388,-104,15314,vibration
11200,-9,16,16222,normal
11300,-215,-1646,15397,landslide
11400,-182,92,15458,vibration
11500,-1354,-1879,11592,landslide
11600,-1745,-845,15837,landslide
11700,455,242,15363,vibration
11800,24,10,16436,normal
11900,155,356,15894,vibration
12000,-23,-49,16056,normal
12100,9,32,16321,normal
12200,-5,-48,16687,normal
12300,-420,168,15706,vibration
12400,-1851,-1430,15438,landslide
12500,-23,45,16443,normal
12600,1492,1546,12459,landslide
12700,-75,487,15455,vibration
12800,48,-27,16567,normal
12900,-12,-34,16452,normal
13000,30,-39,16054,normal
13100,-97,355,15034,vibration
13200,-38,-43,16261,normal
13300,-861,1912,11520,landslide
13400,-744,-1063,11460,landslide
13500,43,38,16678,normal
13600,-19,-47,16573,normal
13700,-26,30,16232,normal
13800,238,-220,16146,vibration
13900,25,9,16404,normal
14000,-465,-83,15627,vibration
14100,-570,868,14462,landslide
14200,-389,-45,15380,vibration
14300,-20,23,16574,normal
14400,34,14,16663,normal
14500,1,-40,16670,normal
14600,-29,5,16483,normal
14700,-1414,-175,11413,landslide
14800,1730,350,12652,landslide
14900,12,-7,16229,normal
15000,-264,375,15256,vibration
15100,-1605,-224,14138,landslide
15200,0,-21,16697,normal
15300,-34,15,16401,normal
15400,14,479,16349,vibration
15500,-169,-338,16152,vibration
15600,-437,-397,15774,vibration
15700,467,66,15551,vibration
15800,-46,-22,16477,normal
15900,-491,487,15409,vibration
16000,48,5,16260,normal
16100,41,16,16309,normal
16200,30,47,16589,normal
16300,38,-10,16659,normal
16400,473,459,16270,vibration
16500,-371,-168,15262,vibration
16600,44,17,16606,normal
16700,13,12,16458,normal
16800,374,-375,15260,vibration
16900,-1739,-1789,14830,landslide
17000,37,10,16552,normal
17100,-459,-375,15908,vibration
17200,730,-781,14372,landslide
17300,36,24,16543,normal
17400,-292,130,15425,vibration
17500,-23,-49,16575,normal
17600,-4,45,16262,normal
17700,-451,-1544,14441,landslide
17800,-38,22,16235,normal
17900,16,10,16227,normal
18000,317,-764,10785,landslide
18100,37,-32,16465,normal
18200,-16,-29,16425,normal
18300,116,197,15620,vibration
18400,2,19,16289,normal
18500,-39,41,16076,normal
18600,-1594,920,11075,landslide
18700,-1830,-1911,12641,landslide
18800,50,37,16391,normal
18900,9,38,16095,normal
19000,-939,-1953,10766,landslide
19100,-1,3,16692,normal
19200,955,-1920,12641,landslide
19300,17,15,16637,normal
19400,44,2,16599,normal
19500,-34,-41,16409,normal
19600,-1474,-403,13501,landslide
19700,-1337,-1717,15909,landslide
19800,1900,222,10878,landslide
19900,-46,-9,16476,normal
20000,433,500,15187,vibration
20100,656,1735,12260,landslide
20200,24,-442,16487,vibration
20300,-423,7,15625,vibration
20400,398,-347,16193,vibration
20500,25,-45,16630,normal
20600,-48,52,15225,vibration
20700,-1390,1294,10471,landslide
20800,-13,-18,16145,normal
20900,-494,38,15798,vibration
21000,-369,-185,16298,vibration
21100,-11,-70,15718,vibration
21200,8,20,16040,normal
21300,133,-276,15783,vibration
21400,-17,-33,16479,normal
21500,48,39,16178,normal
21600,-1853,-243,13819,landslide
21700,27,-13,16655,normal
21800,24,46,16175,normal
21900,711,1948,10838,landslide
22000,-2,16,16080,normal
22100,-422,1596,11328,landslide
22200,-1,204,15359,vibration
22300,44,-38,16094,normal
22400,6,39,16323,normal
22500,-951,1780,14498,landslide
22600,16,43,16151,normal
22700,10,98,16037,vibration
22800,978,1402,12190,landslide
22900,-1497,798,10821,landslide
23000,-447,311,15175,vibration
23100,434,-239,16361,vibration
23200,192,-371,16059,vibration
23300,-26,3,16341,normal
23400,-21,41,16296,normal
23500,311,48,14782,landslide
23600,396,-212,15471,vibration
23700,1046,393,13259,landslide
23800,33,-14,16058,normal
23900,240,-212,16088,vibration
24000,-355,-441,16425,vibration
24100,30,35,16127,normal
24200,948,968,15711,landslide
24300,-17,-42,16320,normal
24400,-245,-340,16294,vibration
24500,13,14,16556,normal
24600,-50,27,16063,normal
24700,-1329,-537,13246,landslide
24800,-357,-622,10571,landslide
24900,329,-366,15812,vibration
25000,471,-302,15977,vibration
25100,-17,16,16694,normal
25200,1005,442,11806,landslide
25300,-1,-27,16073,normal
25400,626,-1211,10358,landslide
25500,12,-17,16324,normal
25600,31,-28,16541,normal
25700,-44,-20,16138,normal
25800,1965,847,10138,landslide
25900,-31,-4,16110,normal
26000,-554,-1670,14366,landslide
26100,48,-17,16566,normal
26200,1061,-378,13479,landslide
26300,156,108,15259,vibration
26400,-826,1458,11278,landslide
26500,1325,-827,12199,landslide
26600,1374,-1940,14945,landslide
26700,268,344,15383,vibration
26800,31,-7,16601,normal
26900,-36,49,16242,normal
27000,36,-13,16310,normal
27100,5,-13,16103,normal
27200,39,23,16396,normal
27300,-39,-41,16673,normal
27400,-1,-32,16675,normal
27500,-325,244,15723,vibration
27600,-1666,-379,10791,landslide
27700,-28,4,16425,normal
27800,-1626,-1555,14182,landslide
27900,-25,-47,16367,normal
28000,-9,-17,16247,normal
28100,-969,1218,13063,landslide
28200,26,22,16050,normal
28300,36,38,16456,normal
28400,-1935,-250,12066,landslide
28500,150,-50,16263,vibration
28600,-237,478,15091,vibration
28700,24,19,16397,normal
28800,29,28,16305,normal
28900,-14,50,16459,normal
29000,328,-403,15542,vibration
29100,-13,-1,16017,normal
29200,18,-2,16555,normal
29300,50,32,16432,normal
29400,8,30,16256,normal
29500,12,45,16558,normal
29600,-3,-10,16024,normal
29700,1735,-1192,10508,landslide
29800,-28,28,16368,normal
29900,-289,402,16381,vibration
30000,3,31,16695,normal
30100,-392,-169,15325,vibration
30200,18,-11,16470,normal
30300,-1356,1825,14954,landslide
30400,18,0,16373,normal
30500,141,-223,15623,vibration
30600,435,189,15413,vibration
30700,-1982,219,15554,landslide
30800,-171,-207,15830,landslide
30900,-466,-338,16072,vibration
31000,1636,-1119,14601,landslide
31100,86,465,15490,vibration
31200,-346,382,16251,vibration
31300,18,-8,16479,normal
31400,-1495,1898,10708,landslide
31500,31,12,15346,vibration
31600,-18,23,16241,normal
31700,-36,-35,16607,normal
31800,-109,71,15263,vibration
31900,545,-229,15270,landslide
32000,-304,250,15364,vibration
32100,49,-35,16386,normal
32200,-37,14,16072,normal
32300,-528,-905,11633,landslide
32400,-38,-28,16011,normal
32500,-9,30,16273,normal
32600,36,-18,16064,normal
32700,47,22,16619,normal
32800,1858,1441,13426,landslide
32900,-1161,-1615,13439,landslide
33000,-588,863,13511,landslide
33100,1838,1419,15340,landslide
33200,45,-15,16546,normal
33300,-288,-923,10773,landslide
33400,285,-205,15558,landslide
33500,-127,174,15117,vibration
33600,450,-348,16128,vibration
33700,38,21,16033,normal
33800,-11,0,16532,normal
33900,-1592,548,11584,landslide
34000,230,102,16317,vibration
34100,-1303,-1770,15746,landslide
34200,-46,4,16345,normal
34300,-22,-5,16165,normal
34400,119,-996,10820,landslide
34500,280,173,16004,vibration
34600,34,-44,16290,normal
34700,2,36,16463,normal
34800,-46,-25,16256,normal
34900,-44,10,16279,normal
35000,-226,-282,15305,vibration
35100,-11,48,16699,normal
35200,-1516,413,15091,landslide
35300,-7,16,16448,normal
35400,-525,-1817,12864,landslide
35500,-413,245,15945,vibration
35600,391,100,15414,vibration
35700,-41,0,16334,normal
35800,-302,-149,16332,vibration
35900,-11,-43,16112,normal
36000,-9,-39,16486,normal
36100,-41,-45,16139,normal
36200,-10,40,16505,normal
36300,639,712,11204,landslide
36400,-1156,-1513,15091,landslide
36500,49,-30,16679,normal
36600,69,-319,15853,vibration
36700,1225,-1662,15616,landslide
36800,555,1064,10744,landslide
36900,-10,-47,16029,normal
37000,19,-25,16000,normal
37100,616,-647,10927,landslide
37200,46,8,16124,normal
37300,-20,4,16216,normal
37400,-1580,-400,14168,landslide
37500,-1975,1521,13791,landslide
37600,-280,-875,13345,landslide
37700,-148,321,15759,vibration
37800,-17,-50,16022,normal
37900,-367,153,15515,vibration
38000,1625,1280,13671,landslide
38100,1224,966,15766,landslide
38200,-6,2,16672,normal
38300,-32,-441,15791,vibration
38400,-821,-48,10016,landslide
38500,-382,-162,15387,vibration
38600,-683,397,14613,landslide
38700,-460,-372,15134,vibration
38800,-1634,-1318,11482,landslide
38900,617,1421,11318,landslide
39000,-91,148,15074,vibration
39100,-21,45,16692,normal
39200,-34,-46,16496,normal
39300,893,-1550,15316,landslide
39400,-237,38,16391,vibration
39500,-631,63,15466,landslide
39600,-1238,-1376,14537,landslide
39700,-17,40,16419,normal
39800,-6,33,16441,normal
39900,-15,-456,16442,vibration
40000,15,468,15382,vibration
40100,33,-11,16169,normal
40200,45,-3,16088,normal
40300,-385,1282,14650,landslide
40400,471,114,15424,vibration
40500,-3,29,16376,normal
40600,-31,49,16049,normal
40700,-382,253,15733,vibration
40800,-5,-13,16076,normal
40900,-19,118,15800,vibration
41000,269,-401,16106,vibration
41100,-37,49,16340,normal
41200,15,327,16263,vibration
41300,-34,318,16073,vibration
41400,363,-71,15533,vibration
41500,180,-330,15391,vibration
41600,-2,6,16570,normal
41700,263,-1541,10040,landslide
41800,8,40,16200,normal
41900,35,8,16168,normal
42000,-28,14,16584,normal
42100,-48,12,16465,normal
42200,235,-440,15695,vibration
42300,-372,276,15260,vibration
42400,-474,151,15426,vibration
42500,-15,-11,16431,normal
42600,-413,-466,15248,vibration
42700,-42,-35,16368,normal
42800,258,-339,15027,vibration
42900,-18,25,16280,normal
43000,-355,201,15460,vibration
43100,1671,-1648,15215,landslide
43200,1924,1151,10344,landslide
43300,3,10,16451,normal
43400,-444,169,16254,vibration
43500,-41,48,16520,normal
43600,28,-37,16309,normal
43700,1884,-1852,13239,landslide
43800,-393,326,15800,vibration
43900,-42,-20,16369,normal
44000,-49,43,16322,normal
44100,1078,-1937,15973,landslide
44200,43,15,15081,vibration
44300,484,1128,11479,landslide
44400,1663,1636,15782,landslide
44500,-384,-284,16220,vibration
44600,-150,-337,15303,vibration
44700,-27,38,16649,normal
44800,-750,401,10188,landslide
44900,-40,-31,16108,normal
45000,-31,-29,16169,normal
45100,63,309,15350,vibration
45200,4,14,16124,normal
45300,-42,-42,16679,normal
45400,-9,9,16686,normal
45500,-167,-212,15639,vibration
45600,-9,16,16428,normal
45700,-26,37,16463,normal
45800,-35,-42,16258,normal
45900,1946,-181,12648,landslide
46000,-132,-119,15524,vibration
46100,1515,575,15938,landslide
46200,0,-19,16395,normal
46300,-32,-30,16612,normal
46400,-382,492,15353,vibration
46500,31,12,16306,normal
46600,-34,-49,16630,normal
46700,-714,-1659,14751,landslide
46800,46,31,16464,normal
46900,26,-21,16466,normal
47000,-32,-50,16563,normal
47100,18,25,16620,normal
47200,23,-18,16136,normal
47300,815,-1842,14187,landslide
47400,18,48,16628,normal
47500,-36,30,16684,normal
47600,-1548,203,14836,landslide
47700,12,-19,16225,normal
47800,-1050,1831,12358,landslide
47900,436,134,15020,vibration
48000,-604,24,14409,landslide
48100,-32,115,15310,vibration
48200,-46,-39,16577,normal
48300,1537,-337,11738,landslide
48400,-9,6,16604,normal
48500,-50,-50,16428,normal
48600,41,23,16421,normal
48700,19,-43,16079,normal
48800,-240,-107,15190,vibration
48900,399,-800,12186,landslide
49000,-1995,-1269,13827,landslide
49100,-450,-322,16119,vibration
49200,1024,1929,15018,landslide
49300,-444,-11,15208,vibration
49400,-31,30,16544,normal
49500,-171,35,15498,vibration
49600,-850,-1407,15429,landslide
49700,26,-45,16206,normal
49800,1591,1464,10799,landslide
49900,-8,-27,16502,normal
50000,-47,31,16066,normal
50100,-2,-43,16204,normal
50200,19,48,16144,normal
50300,-154,-273,15615,vibration
50400,8,-8,16666,normal
50500,-1763,-371,11191,landslide
50600,-310,-334,15383,vibration
50700,-6,2,16150,normal
50800,12,37,16554,normal
50900,-4,-8,16102,normal
51000,-72,-349,15660,vibration
51100,-38,-4,16503,normal
51200,-229,-361,16009,vibration
51300,417,303,15521,vibration
51400,39,16,16444,normal
51500,-33,49,16302,normal
51600,1130,594,14484,landslide
51700,85,18,15058,vibration
51800,2,9,16579,normal
51900,-452,323,15362,vibration
52000,-27,-27,16665,normal
52100,1313,807,15597,landslide
52200,-32,-39,16334,normal
52300,437,344,16413,vibration
52400,-476,-442,15209,vibration
52500,1662,-1691,15795,landslide
52600,56,233,15085,vibration
52700,359,-470,15303,vibration
52800,21,2,16234,normal
52900,-387,68,16054,vibration
53000,-37,-35,16161,normal
53100,-45,-42,16166,normal
53200,-242,275,15273,vibration
53300,1,-10,16124,normal
53400,-121,-303,15635,vibration
53500,-31,38,16644,normal
53600,49,-3,16121,normal
53700,-177,1933,11254,landslide
53800,-4,-20,16504,normal
53900,-41,47,16666,normal
54000,392,1851,10803,landslide
54100,-285,-204,15301,vibration
54200,50,10,16219,normal
54300,12,8,16211,normal
54400,-309,-231,16099,vibration
54500,227,-176,16389,vibration
54600,1,-13,16625,normal
54700,1934,664,13588,landslide
54800,49,-33,16111,normal
54900,-20,-8,16142,normal
55000,915,238,15815,landslide
55100,-38,-15,16674,normal
55200,32,-43,16300,normal
55300,1281,-1511,10007,landslide
55400,49,36,16376,normal
55500,1321,-792,15803,landslide
55600,1957,929,11174,landslide
55700,279,-182,15503,vibration
55800,0,21,16212,normal
55900,4,-40,16571,normal
56000,61,-497,15162,vibration
56100,-406,138,15682,vibration
56200,89,-113,15964,vibration
56300,15,25,16176,normal
56400,243,-489,15555,vibration
56500,-6,20,16485,normal
56600,26,-20,16106,normal
56700,-637,-1372,11733,landslide
56800,40,42,16531,normal
56900,-573,1931,12384,landslide
57000,16,-47,16012,normal
57100,259,-207,15695,vibration
57200,644,-608,15452,landslide
57300,-63,-356,16221,vibration
57400,-1163,-1769,15530,landslide
57500,-859,1091,14724,landslide
57600,306,57,16263,vibration
57700,-34,-5,16450,normal
57800,33,42,16646,normal
57900,1677,-1057,15561,landslide
58000,-227,-359,15984,vibration
58100,43,-40,16077,normal
58200,37,363,16170,vibration
58300,22,-15,16648,normal
58400,-26,-14,16658,normal
58500,240,384,15968,vibration
58600,-484,-283,16221,vibration
58700,1190,-192,13070,landslide
58800,-35,-34,16439,normal
58900,-19,-4,16369,normal
59000,-21,-30,16393,normal
59100,1263,-358,15105,landslide
59200,-36,40,16437,normal
59300,9,-5,16202,normal
59400,-45,-18,16209,normal
59500,4,8,16654,normal
59600,626,-1771,12584,landslide
59700,262,-1065,13645,landslide
59800,-27,-25,16377,normal
59900,-1208,-1994,15160,landslide
60000,23,19,16583,normal
60100,49,39,16353,normal
60200,336,546,13407,landslide
60300,370,79,15609,vibration
60400,-152,-388,15677,vibration
60500,1887,1233,14480,landslide
60600,-759,-438,13400,landslide
60700,-3,-40,16279,normal
60800,245,-359,16035,vibration
60900,463,-55,15243,vibration
61000,29,-38,16172,normal
61100,-43,46,16623,normal
61200,29,44,16688,normal
61300,-467,190,16357,vibration
61400,17,25,16051,normal
61500,59,-230,15251,vibration
61600,41,-17,16285,normal
61700,-37,-22,16470,normal
61800,145,-167,15621,vibration
61900,-1244,30,15885,landslide
62000,-6,-35,16586,normal
62100,33,-35,16105,normal
62200,229,-161,15636,vibration
62300,160,166,15500,vibration
62400,38,-23,16440,normal
62500,-196,1388,13331,landslide
62600,-25,-32,16639,normal
62700,-22,36,16119,normal
62800,-17,20,16556,normal
62900,1190,-121,11518,landslide
63000,-9,32,16285,normal
63100,7,-19,16441,normal
63200,-1860,815,10880,landslide
63300,48,-50,16369,normal
63400,-108,-331,15318,vibration
63500,-17,41,16092,normal
63600,-60,-320,15512,vibration
63700,-5,30,16545,normal
63800,40,-37,16114,normal
63900,223,-125,15892,vibration
64000,-23,28,16158,normal
64100,-43,390,15893,vibration
64200,-28,-23,16573,normal
64300,1832,-469,11633,landslide
64400,116,-413,15961,vibration
64500,-42,5,16191,normal
64600,-1679,1779,15328,landslide
64700,420,-1312,10548,landslide
64800,-13,42,16057,normal
64900,-1508,1612,10581,landslide
65000,-1767,1960,12021,landslide
65100,-390,155,15303,vibration
65200,137,430,15835,vibration
65300,-12,-28,16235,normal
65400,795,224,15993,landslide
65500,44,-1,16352,normal
65600,426,149,13185,landslide
65700,21,20,16154,normal
65800,457,-396,16491,vibration
65900,8,-11,16266,normal
66000,11,234,15175,vibration
66100,391,496,15834,vibration
66200,6,41,16648,normal
66300,14,21,16258,normal
66400,-38,49,16113,normal
66500,262,-418,16414,vibration
66600,1058,-1200,13168,landslide
66700,51,-167,15325,vibration
66800,1506,792,12229,landslide
66900,-20,28,16331,normal
67000,-17,19,16025,normal
67100,-326,405,15118,vibration
67200,-132,292,15964,vibration
67300,51,184,15776,vibration
67400,-35,-35,16477,normal
67500,2,7,16679,normal
67600,35,-26,16002,normal
67700,42,-17,16457,normal
67800,-42,5,16484,normal
67900,154,-358,15238,vibration
68000,33,28,16411,normal
68100,34,6,16023,normal
68200,-462,428,16338,vibration
68300,36,-24,16427,normal
68400,-804,-570,13234,landslide
68500,1233,-1213,11990,landslide
68600,-266,-1756,14273,landslide
68700,44,-23,16437,normal
68800,22,-17,16550,normal
68900,1699,-1660,11703,landslide
69000,5,28,16176,normal
69100,16,-26,16226,normal
69200,-34,18,16282,normal
69300,7,26,16520,normal
69400,32,34,16581,normal
69500,-757,169,15413,landslide
69600,-7,18,16533,normal
69700,0,12,16289,normal
69800,1480,345,10495,landslide
69900,1863,871,10083,landslide
70000,-5,12,16035,normal
70100,-1803,730,14388,landslide
70200,890,-1077,15222,landslide
70300,-372,390,15859,vibration
70400,-28,1,16623,normal
70500,49,-39,16407,normal
70600,-25,-27,16081,normal
70700,-47,38,16018,normal
70800,-701,-169,11509,landslide
70900,-27,50,16213,normal
71000,2,-177,15932,vibration
71100,19,32,16401,normal
71200,80,-487,15054,vibration
71300,-40,44,16391,normal
71400,334,975,13889,landslide
71500,-197,67,16124,vibration
71600,-32,-50,16497,normal
71700,290,344,15004,vibration
71800,27,-25,16115,normal
71900,-50,-1,16003,normal
72000,-4,29,16331,normal
72100,33,-23,16371,normal
72200,43,-6,16209,normal
72300,-40,24,16100,normal
72400,-38,436,16205,vibration
72500,428,204,16323,vibration
72600,-15,-44,16413,normal
72700,17,41,16492,normal
72800,-35,40,16236,normal
72900,-20,50,16476,normal
73000,1489,1503,11393,landslide
73100,-56,1634,13889,landslide
73200,-5,318,15202,vibration
73300,378,-222,15665,vibration
73400,-463,-128,16222,vibration
73500,88,-374,16388,vibration
73600,12,9,16334,normal
73700,167,1028,11228,landslide
73800,83,-1905,14977,landslide
73900,47,-11,16516,normal
74000,34,3,16061,normal
74100,-502,786,12805,landslide
74200,1780,-1176,15258,landslide
74300,230,-276,15977,vibration
74400,-48,-47,16074,normal
74500,40,26,16663,normal
74600,-173,1513,10249,landslide
74700,-1814,84,13728,landslide
74800,-36,23,16695,normal
74900,-28,-14,16428,normal
75000,-36,44,16197,vibration
75100,-372,345,16248,vibration
75200,18,-43,16253,normal
75300,-362,-315,15621,vibration
75400,557,1890,11735,landslide
75500,354,-337,16183,vibration
75600,-13,-28,16491,normal
75700,-35,32,16002,normal
75800,-425,-94,15597,vibration
75900,34,-27,16240,normal
76000,-36,12,16648,normal
76100,20,-36,16256,normal
76200,-114,350,15737,vibration
76300,55,1031,14094,landslide
76400,-30,20,16401,normal
76500,41,-22,16098,normal
76600,1224,1881,11759,landslide
76700,-433,435,16371,vibration
76800,274,220,15613,vibration
76900,31,-49,16309,normal
77000,39,-32,16530,normal
77100,-80,-72,15802,vibration
77200,-43,49,16529,normal
77300,21,-40,16354,normal
77400,208,-489,15629,vibration
77500,-458,227,16330,vibration
77600,-112,-1053,14981,landslide
77700,44,14,16673,normal
77800,15,19,16513,normal
77900,11,42,16376,normal
78000,-43,26,16667,normal
78100,569,410,10789,landslide
78200,-2,408,16463,vibration
78300,-18,3,16293,normal
78400,378,-368,16271,vibration
78500,1,25,16659,normal
78600,-463,392,16348,vibration
78700,-18,-43,16520,normal
78800,0,43,16196,normal
78900,19,-407,15177,vibration
79000,-167,311,16122,vibration
79100,1923,-1892,12624,landslide
79200,9,-22,16047,normal
79300,-25,-20,16625,normal
79400,1403,-1283,15439,landslide
79500,-1256,1858,10953,landslide
79600,-798,-37,15501,landslide
79700,-255,428,16171,vibration
79800,21,27,16451,normal
79900,4,38,16392,normal
80000,2,7,16530,normal
80100,-823,-747,10429,landslide
80200,-7,49,16414,normal
80300,-195,-1115,11606,landslide
80400,-44,13,16077,normal
80500,-20,1,16648,normal
80600,-37,-50,16266,normal
80700,16,-28,16636,normal
80800,-583,-636,14109,landslide
80900,-9,-27,16045,normal
81000,-5,-14,16306,normal
81100,-265,465,15933,vibration
81200,-1449,318,10906,landslide
81300,46,38,16407,normal
81400,-380,394,16318,vibration
81500,132,-312,15537,vibration
81600,29,-33,16513,normal
81700,13,37,16201,normal
81800,-36,44,16262,normal
81900,-302,-402,16123,vibration
82000,234,-370,15104,vibration
82100,-8,-18,16052,normal
82200,-419,-1848,12800,landslide
82300,-338,118,15437,vibration
82400,40,-19,16109,normal
82500,-3,17,16398,normal
82600,-884,331,14790,landslide
82700,-1447,-1126,14729,landslide
82800,187,-180,16121,vibration
82900,8,25,16587,normal
83000,-34,-32,16604,normal
83100,41,11,16274,normal
83200,3,17,16521,normal
83300,2,-2,16611,normal
83400,187,107,16317,vibration
83500,226,371,15035,vibration
83600,-232,334,15742,vibration
83700,-43,-32,16571,normal
83800,-248,-182,16192,vibration
83900,-46,-2,16506,normal
84000,-1388,247,12514,landslide
84100,-60,-438,15884,vibration
84200,-1,1,16636,normal
84300,-515,1970,12615,landslide
84400,14,30,16194,normal
84500,45,5,16455,normal
84600,-399,346,15763,vibration
84700,-10,-7,16153,normal
84800,1550,-679,15263,landslide
84900,-1540,-524,12747,landslide
85000,-50,-45,16095,normal
85100,12,-20,16620,normal
85200,8,-6,16618,normal
85300,-7,6,16276,normal
85400,-16,48,16158,normal
85500,37,12,16021,normal
85600,-35,-42,16697,normal
85700,216,171,16205,vibration
85800,-43,46,16437,normal
85900,-41,29,16687,normal
86000,46,9,16390,normal
86100,8,-3,16136,normal
86200,-26,-21,16488,normal
86300,-15,-1,16567,normal
86400,37,-25,16432,normal
86500,-43,15,16219,normal
86600,-49,0,16594,normal
86700,-418,741,15169,landslide
86800,345,-110,15559,vibration
86900,-45,48,16063,normal
87000,-9,43,16357,normal
87100,20,8,16070,normal
87200,229,-289,15800,vibration
87300,149,-203,16428,vibration
87400,-466,227,15547,vibration
87500,-261,-209,10137,landslide
87600,388,212,16208,vibration
87700,1400,-1041,13155,landslide
87800,-38,1,16547,normal
87900,18,-28,16439,normal
88000,338,535,11987,landslide
88100,387,549,12097,landslide
88200,-889,1374,14589,landslide
88300,-26,-15,16536,normal
88400,-22,45,16627,normal
88500,-1843,114,10875,landslide
88600,-41,-12,16400,normal
88700,483,91,15680,vibration
88800,10,-43,16368,normal
88900,-1353,347,12393,landslide
89000,-247,-170,15255,vibration
89100,-1973,-1124,13015,landslide
89200,-1191,-245,14621,landslide
89300,-3,-5,16186,normal
89400,1441,1874,12774,landslide
89500,3,-46,16643,normal
89600,-478,19,15942,vibration
89700,-273,198,15438,vibration
89800,0,-42,16344,normal
89900,-41,-23,16020,normal
90000,860,825,13550,landslide
90100,18,11,16346,normal
90200,-26,-38,16663,normal
90300,-99,40,15401,vibration
90400,-305,-368,15280,vibration
90500,-33,23,16237,normal
90600,-22,-19,16017,normal
90700,20,41,16105,normal
90800,-465,-494,15994,vibration
90900,993,1074,10113,landslide
91000,1337,-1634,15554,landslide
91100,-1974,946,15295,landslide
91200,-28,-19,16231,normal
91300,-34,4,16122,normal
91400,32,-26,16044,normal
91500,-19,15,16260,normal
91600,-25,-7,16663,normal
91700,-19,-42,16372,normal
91800,-401,-406,15468,landslide
91900,579,413,11789,landslide
92000,29,4,16260,normal
92100,-1076,1530,12572,landslide
92200,-1,-45,16456,normal
92300,422,-89,16365,vibration
92400,1586,-933,12737,landslide
92500,-31,-19,16161,normal
92600,-50,22,16672,normal
92700,-281,-457,15467,vibration
92800,332,-351,15980,vibration
92900,1512,1653,10661,landslide
93000,164,394,15886,vibration
93100,-1708,-1519,14538,landslide
93200,-479,735,14562,landslide
93300,26,29,16076,normal
93400,43,-50,16045,normal
93500,205,322,15057,vibration
93600,36,22,16626,normal
93700,-802,-1205,15110,landslide
93800,130,55,16492,vibration
93900,-1129,1962,13947,landslide
94000,1951,-896,13876,landslide
94100,111,-1682,13884,landslide
94200,1902,709,13712,landslide
94300,37,3,16653,normal
94400,39,44,16232,normal
94500,-34,-29,16188,normal
94600,-37,-1,16429,normal
94700,50,17,16693,normal
94800,11,-10,16514,normal
94900,-16,20,16237,normal
95000,-415,-8,15541,vibration
95100,-36,126,15007,vibration
95200,-82,-1118,11737,landslide
95300,947,-252,14183,landslide
95400,-26,18,16447,normal
95500,-17,-8,16632,normal
95600,-23,-22,16437,normal
95700,241,85,15202,landslide
95800,-33,13,16343,normal
95900,-46,44,16138,normal
96000,213,-1678,13559,landslide
96100,27,23,16577,normal
96200,-24,42,16472,normal
96300,35,-1,16061,normal
96400,755,-490,11987,landslide
96500,1622,-56,14006,landslide
96600,40,14,16183,normal
96700,430,300,16156,vibration
96800,-1895,-97,10875,landslide
96900,-204,-210,15533,vibration
97000,59,41,15424,vibration
97100,30,-26,16610,normal
97200,39,10,16131,normal
97300,-392,138,16284,vibration
97400,-38,-17,16476,normal
97500,-146,-84,15891,vibration
97600,-28,-38,16181,normal
97700,299,-318,15506,vibration
97800,-8,-22,16295,normal
97900,200,421,15957,vibration
98000,240,-320,15553,vibration
98100,1551,58,15405,landslide
98200,-75,46,12127,landslide
98300,42,36,16355,normal
98400,74,38,16493,vibration
98500,-39,-3,16208,normal
98600,-37,12,16462,normal
98700,-12,16,16558,normal
98800,-10,31,16026,normal
98900,-1580,-1104,12361,landslide
99000,43,-11,16524,normal
99100,45,18,16298,normal
99200,22,18,16113,normal
99300,11,37,16489,normal
99400,-333,-353,16182,vibration
99500,-13,-44,16630,normal
99600,17,-11,16246,normal
99700,26,24,16474,normal
99800,-222,1576,12106,landslide
99900,37,36,16002,normal
100000,1409,373,12617,landslide
100100,32,-22,16002,normal
100200,1440,-1433,11755,landslide
100300,2,37,16328,normal
100400,35,-19,16382,normal
100500,1323,1628,11456,landslide
100600,-46,4,16502,normal
100700,225,3,16354,vibration
100800,-9,45,16103,normal
100900,-27,35,16307,normal
101000,31,-20,16066,normal
101100,-23,-20,16672,normal
101200,-49,-37,16510,normal
101300,287,453,15163,vibration
101400,-2,28,16319,normal
101500,-35,-42,16144,normal
101600,-8,0,16389,normal
101700,41,-17,16410,normal
101800,677,-44,16000,landslide
101900,34,34,16146,normal
102000,-24,-35,16313,normal
102100,43,17,16238,normal
102200,-46,69,15943,vibration
102300,-265,-490,15250,vibration
102400,1505,-1966,12456,landslide
102500,-635,-886,10017,landslide
102600,-1151,-310,14540,landslide
102700,-453,-339,16109,vibration
102800,-428,215,15869,vibration
102900,-38,1,16296,normal
103000,369,56,15008,vibration
103100,37,46,16461,normal
103200,482,1343,12046,landslide
103300,-12,-3,16671,normal
103400,510,593,15219,landslide
103500,38,-22,16650,normal
103600,7,28,16096,normal
103700,28,-16,16395,normal
103800,343,-56,15808,vibration
103900,-268,304,15204,vibration
104000,-28,-18,16270,normal
104100,1201,114,14349,landslide
104200,1,-8,16012,normal
104300,-18,30,16228,normal
104400,-1403,-718,12081,landslide
104500,28,39,16068,normal
104600,-10,38,16560,normal
104700,-281,162,15976,vibration
104800,1935,1683,15895,landslide
104900,-48,-45,16537,normal
105000,427,-383,15992,vibration
105100,-47,-32,16641,normal
105200,-48,-43,16087,normal
105300,-8,9,16140,normal
105400,7,33,16400,normal
105500,36,-32,16078,normal
105600,-30,-40,16095,normal
105700,-559,-1790,14668,landslide
105800,-30,21,16543,normal
105900,-32,36,16132,normal
106000,-36,-40,16393,normal
106100,225,-121,15062,vibration
106200,-47,39,16347,normal
106300,-39,-8,16109,normal
106400,-8,-17,16493,normal
106500,1793,1770,11559,landslide
106600,-33,34,16195,normal
106700,365,1319,15812,landslide
106800,27,-35,16246,normal
106900,149,-423,15731,vibration
107000,-62,-364,15708,vibration
107100,18,39,16394,normal
107200,-76,280,15116,vibration
107300,46,0,16047,normal
107400,-357,-258,15951,vibration
107500,33,41,16565,normal
107600,13,-23,16534,normal
107700,49,40,16320,normal
107800,-1069,-1381,14054,landslide
107900,161,-251,16244,vibration
108000,29,-16,16225,normal
108100,2,25,16693,normal
108200,-35,409,16190,vibration
108300,-115,-301,15673,vibration
108400,26,-14,16617,normal
108500,627,-192,15868,landslide
108600,25,49,16310,normal
108700,-7,20,16505,normal
108800,-95,-97,16236,vibration
108900,39,38,16494,normal
109000,-13,24,16414,normal
109100,408,1110,13841,landslide
109200,-1384,325,10106,landslide
109300,10,28,16072,normal
109400,-43,-410,15661,vibration
109500,26,36,16009,normal
109600,113,85,15594,vibration
109700,-17,1,16526,normal
109800,-38,-78,15804,vibration
109900,-22,50,16502,normal
110000,5,-41,16426,normal
110100,-128,1318,14597,landslide
110200,162,462,15564,vibration
110300,32,-14,16147,normal
110400,424,1,15133,vibration
110500,42,-382,13768,landslide
110600,28,7,16107,normal
110700,180,-153,15904,vibration
110800,13,-34,16131,normal
110900,-449,369,15270,vibration
111000,-1629,-931,15883,landslide
111100,-22,31,16287,normal
111200,48,-23,16155,normal
111300,8,10,16536,normal
111400,-228,-377,15742,vibration
111500,-39,-46,16169,normal
111600,286,-171,16136,vibration
111700,-41,-7,16608,normal
111800,-12,1845,15763,landslide
111900,37,41,16470,normal
112000,-904,434,11369,landslide
112100,45,14,16184,normal
112200,-16,39,16218,normal
112300,471,-136,15522,vibration
112400,-669,-633,11738,landslide
112500,15,-25,16507,normal
112600,14,-128,15450,vibration
112700,4,-40,16685,normal
112800,-48,27,16345,normal
112900,813,-1276,12654,landslide
113000,49,8,16059,normal
113100,964,985,15771,landslide
113200,-167,-2,16011,vibration
113300,19,38,16229,normal
113400,45,-1,16413,normal
113500,-16,33,16499,normal
113600,30,-36,16107,normal
113700,1652,-800,11319,landslide
113800,-363,384,16387,vibration
113900,15,-35,16501,normal
114000,27,-1,16629,normal
114100,-15,-31,16046,normal
114200,-32,50,16107,normal
114300,4,-28,16165,normal
114400,-22,35,16526,normal
114500,-429,175,15886,vibration
114600,-44,16,16127,normal
114700,31,-44,16552,normal
114800,770,520,12188,landslide
114900,-43,-5,16652,normal
115000,-22,29,16255,normal
115100,-1650,-1004,10895,landslide
115200,-6,-23,16494,normal
115300,-348,125,15897,vibration
115400,1948,1621,11969,landslide
115500,-969,1295,10478,landslide
115600,290,-348,15533,vibration
115700,20,29,16316,normal
115800,406,-369,15806,vibration
115900,1822,1781,13760,landslide
116000,-18,29,16519,normal
116100,1718,704,12840,landslide
116200,49,1502,15596,landslide
116300,-7,-9,16115,normal
116400,28,-9,16645,normal
116500,40,5,16108,normal
116600,-1179,-848,12350,landslide
116700,0,23,16046,normal
116800,0,44,16218,normal
116900,30,-15,16566,normal
117000,17,-8,16236,normal
117100,1373,-789,11214,landslide
117200,-8,33,16513,normal
117300,-21,-22,16266,normal
117400,-5,-805,10490,landslide
117500,6,18,16365,normal
117600,-49,36,16588,normal
117700,-390,166,15474,vibration
117800,-109,-29,16308,vibration
117900,39,-42,16551,normal
118000,-20,13,16309,normal
118100,-1303,-1034,14027,landslide
118200,48,-43,16112,normal
118300,-285,-1986,11646,landslide
118400,-34,-36,16501,normal
118500,13,-11,16382,normal
118600,41,-42,16693,normal
118700,-497,-458,16052,vibration
118800,27,19,16438,normal
118900,312,-345,15313,vibration
119000,-32,489,15244,vibration
119100,116,402,15492,vibration
119200,44,22,16376,normal
119300,-20,-31,16661,normal
119400,18,-44,16661,normal
119500,8,-351,15452,vibration
119600,-16,14,16648,normal
119700,134,-444,15529,vibration
119800,-6,32,16263,normal
119900,431,30,15738,landslide
120000,35,11,16070,normal
120100,1376,-1059,15456,landslide
120200,1586,788,14254,landslide
120300,-1886,738,14744,landslide
120400,38,-18,16383,normal
120500,-30,-18,16292,normal
120600,-342,134,16241,vibration
120700,15,-9,16116,normal
120800,14,-26,16162,normal
120900,-205,-324,16256,vibration
121000,47,-12,16554,normal
121100,-33,-33,16408,normal
121200,14,39,16054,normal
121300,47,14,16280,normal
121400,-12,5,16398,normal
121500,4,16,16105,normal
121600,1255,1305,11645,landslide
121700,-508,-1079,10594,landslide
121800,18,49,16541,normal
121900,78,456,16340,vibration
122000,-438,260,15438,vibration
122100,50,40,16092,normal
122200,5,4,16402,normal
122300,28,-20,16113,normal
122400,-27,36,16233,normal
122500,-44,10,16474,normal
122600,-1899,-341,11693,landslide
122700,-150,-375,15719,vibration
122800,964,-1603,11342,landslide
122900,-16,41,16397,normal
123000,1067,-971,10802,landslide
123100,421,392,15095,vibration
123200,13,-38,16640,normal
123300,-74,89,16131,vibration
123400,-19,-5,16332,normal
123500,-25,17,16657,normal
123600,1522,-1048,11750,landslide
123700,-84,18,15282,vibration
123800,-7,33,16504,normal
123900,-174,786,12249,landslide
124000,9,-14,16618,normal
124100,25,-22,16052,normal
124200,20,33,16437,normal
124300,71,-147,15916,vibration
124400,184,525,10459,landslide
124500,-49,20,16068,normal
124600,-1789,-1853,12289,landslide
124700,338,305,16135,vibration
124800,300,80,15211,vibration
124900,-49,6,16515,normal
125000,-4,760,12255,landslide
125100,20,-47,16150,normal
125200,15,5,16664,normal
125300,-40,-28,16451,normal
125400,-1924,-2000,13749,landslide
125500,-30,-31,16032,normal
125600,324,-349,15060,vibration
125700,9,16,16057,normal
125800,-245,-31,15995,vibration
125900,-44,5,16658,normal
126000,253,16,16453,vibration
126100,-195,-59,16324,vibration
126200,-451,140,16410,vibration
126300,0,-35,16513,normal
126400,-1204,-1956,13392,landslide
126500,-462,494,16078,vibration
126600,1469,-910,14649,landslide
126700,-6,-27,16424,normal
126800,-32,-12,16350,normal
126900,32,42,16198,normal
127000,272,-440,15991,vibration
127100,-1820,-1604,12372,landslide
127200,210,-296,15068,vibration
127300,-743,-1920,12598,landslide
127400,-418,422,16035,vibration
127500,-14,-42,16529,normal
127600,877,569,14683,landslide
127700,219,-838,11714,landslide
127800,412,-32,14734,landslide
127900,-407,422,15124,vibration
128000,1020,1864,10207,landslide
128100,-28,43,16572,normal
128200,-1275,-1177,13427,landslide
128300,-245,374,16411,vibration
128400,47,159,15950,vibration
128500,1311,1848,13213,landslide
128600,-34,0,16402,normal
128700,-958,-1820,10676,landslide
128800,-13,14,16637,normal
128900,-409,-13,15472,vibration
129000,-24,41,16293,normal
129100,-17,-14,16344,normal
129200,-31,21,16273,normal
129300,50,-15,16192,normal
129400,-193,-246,16214,vibration
129500,-200,154,16231,vibration
129600,22,-36,16573,normal
129700,-5,35,16471,normal
129800,287,-214,15849,vibration
129900,293,327,15494,vibration
130000,-470,491,15038,vibration
130100,-20,37,16290,normal
130200,-20,31,16678,normal
130300,159,-209,15050,vibration
130400,-1026,-992,12516,landslide
130500,0,-27,16248,normal
130600,-40,-44,16517,normal
130700,24,-6,16494,normal
130800,1709,-477,10655,landslide
130900,-185,75,15082,vibration
131000,-1124,-246,11360,landslide
131100,-4,16,16699,normal
131200,-1588,1868,11787,landslide
131300,54,224,15862,vibration
131400,29,10,16063,normal
131500,92,78,15825,vibration
131600,132,3,15941,vibration
131700,442,415,15000,vibration
131800,40,25,16105,normal
131900,1227,1906,14934,landslide
132000,23,-10,16508,normal
132100,-354,392,16204,vibration
132200,-1961,-1938,13072,landslide
132300,-4,9,16183,normal
132400,-308,-376,15961,vibration
132500,1382,1090,13948,landslide
132600,31,18,16330,normal
132700,-418,122,15738,vibration
132800,-56,216,15383,vibration
132900,-4,-6,16407,normal
133000,34,-11,16470,normal
133100,-245,317,15457,vibration
133200,398,131,15907,vibration
133300,-38,-44,16371,normal
133400,1751,1412,13357,landslide
133500,1927,-1917,13376,landslide
133600,258,1035,11124,landslide
133700,-172,-292,10701,landslide
133800,-252,-424,15951,vibration
133900,32,43,16362,normal
134000,-189,-255,16158,vibration
134100,7,43,16279,normal
134200,39,31,16627,normal
134300,31,-142,16329,vibration
134400,28,-49,16425,normal
134500,-47,-33,16480,normal
134600,-49,-24,16331,normal
134700,-719,-1605,13779,landslide
134800,-17,50,16022,normal
134900,12,-25,16101,normal
135000,16,12,16619,normal
135100,-90,156,16001,vibration
135200,41,41,16048,normal
135300,337,276,16193,vibration
135400,-3,-341,15592,vibration
135500,-58,1971,11901,landslide
135600,105,389,16005,vibration
135700,435,-499,10315,landslide
135800,15,9,16101,normal
135900,-3,-5,16138,normal
136000,30,-11,16468,normal
136100,74,320,15050,vibration
136200,368,379,15545,vibration
136300,41,-11,16246,normal
136400,36,-33,16683,normal
136500,-44,0,16365,normal
136600,45,29,16213,normal
136700,-1442,1518,15168,landslide
136800,338,-462,15931,vibration
136900,21,-35,16572,normal
137000,-11,6,16439,normal
137100,1806,-1981,12122,landslide
137200,1255,-400,14280,landslide
137300,22,21,16120,normal
137400,29,-5,16107,normal
137500,13,36,16378,normal
137600,-4,-48,16461,normal
137700,-33,-3,16071,normal
137800,-476,1850,12591,landslide
137900,-8,2,16120,normal
138000,-1617,1408,13397,landslide
138100,13,23,16524,normal
138200,-111,-432,15869,vibration
138300,-5,3,16445,normal
138400,37,-48,16288,normal
138500,1828,1195,12063,landslide
138600,27,-12,16080,normal
138700,-1701,646,15820,landslide
138800,1481,-1582,10567,landslide
138900,-22,33,16217,normal
139000,-31,-13,16143,normal
139100,131,-117,15044,vibration
139200,-24,-18,16348,normal
139300,325,1473,13946,landslide
139400,471,197,11349,landslide
139500,341,102,15454,vibration
139600,1323,-1278,13561,landslide
139700,-37,46,16478,normal
139800,-37,-35,16447,normal
139900,9,41,16427,normal
140000,-9,29,16319,normal
140100,15,30,16234,normal
140200,-16,-43,16415,normal
140300,-35,-11,16171,normal
140400,49,-31,16127,normal
140500,-39,12,16079,normal
140600,26,-48,16233,normal
140700,-6,33,16580,normal
140800,16,-30,16021,normal
140900,-30,-3,16606,normal
141000,-195,-936,14670,landslide
141100,-381,592,14292,landslide
141200,-330,351,14260,landslide
141300,905,1995,10562,landslide
141400,-952,121,10541,landslide
141500,21,-44,16632,normal
141600,38,37,16357,normal
141700,21,-135,16376,vibration
141800,251,1685,10269,landslide
141900,49,24,16523,normal
142000,-385,489,15658,vibration
142100,-9,0,16162,normal
142200,41,-9,16344,normal
142300,-163,-14,15738,vibration
142400,645,769,11255,landslide
142500,35,9,16185,normal
142600,-2,17,16136,normal
142700,4,0,16281,normal
142800,-7,32,16601,normal
142900,-1746,295,11448,landslide
143000,-932,1607,14029,landslide
143100,-33,8,16492,normal
143200,-24,14,16142,normal
143300,-37,34,16611,normal
143400,-5,-29,16690,normal
143500,-2,-8,16062,normal
143600,-24,46,16258,normal
143700,25,46,16128,normal
143800,-9,-17,16521,normal
143900,-617,-618,12434,landslide
144000,45,-13,16330,normal
144100,27,-28,16054,normal
144200,-115,-1323,14989,landslide
144300,33,-20,16047,normal
144400,-1065,1748,13638,landslide
144500,206,-290,12487,landslide
144600,33,-33,16146,normal
144700,6,7,16434,normal
144800,31,1,16008,normal
144900,669,-70,10694,landslide
145000,-50,-44,16022,normal
145100,-50,26,16500,normal
145200,-26,-18,16660,normal
145300,-410,305,15422,vibration
145400,-380,201,16375,vibration
145500,7,34,16203,normal
145600,-31,21,16296,normal
145700,289,-122,15415,vibration
145800,-2,17,16379,normal
145900,-1,-13,16241,normal
146000,0,-10,16534,normal
146100,-1857,-594,14938,landslide
146200,243,-252,15563,vibration
146300,-11,34,16443,normal
146400,15,-21,16000,normal
146500,-8,22,16300,normal
146600,10,-44,16126,normal
146700,-23,-21,16209,normal
146800,32,-42,16089,normal
146900,39,-393,15192,vibration
147000,322,25,15856,vibration
147100,1621,-518,10769,landslide
147200,399,-2,15181,vibration
147300,1,23,16336,normal
147400,10,24,16583,normal
147500,128,1318,15723,landslide
147600,-1812,1964,13514,landslide
147700,-22,38,16346,normal
147800,-43,37,16256,normal
147900,447,1891,11495,landslide
148000,50,-14,16221,normal
148100,-172,446,15815,vibration
148200,-28,25,16080,normal
148300,1002,-1408,11683,landslide
148400,1433,1325,11747,landslide
148500,1123,1326,15292,landslide
148600,-373,468,15132,vibration
148700,-33,-3,16257,normal
148800,-42,-27,16072,normal
148900,-253,119,15715,vibration
149000,306,54,15177,vibration
149100,-1703,1538,13375,landslide
149200,326,176,15215,vibration
149300,170,163,15939,vibration
149400,27,-21,16523,normal
149500,-1196,1643,15681,landslide
149600,-24,31,16361,normal
149700,1729,1901,13525,landslide
149800,-3,26,16274,normal
149900,-70,395,15580,vibration
150000,20,30,16658,normal
150100,25,43,16429,normal
150200,20,-1,16028,normal
150300,15,-3,16062,normal
150400,545,-1836,11928,landslide
150500,271,-89,16303,vibration
150600,-45,14,16658,normal
150700,805,-1202,12984,landslide
150800,-44,26,16504,normal
150900,-1367,-1747,13948,landslide
151000,1507,-1300,13686,landslide
151100,-46,29,16148,normal
151200,22,-30,16387,normal
151300,-3,39,16053,normal
151400,166,543,13505,landslide
151500,-44,19,16092,normal
151600,-18,44,16328,normal
151700,116,353,16167,vibration
151800,48,-2,16644,normal
151900,49,-31,16671,normal
152000,6,-26,16658,normal
152100,23,43,16262,normal
152200,-1387,1080,10057,landslide
152300,-2,11,16247,normal
152400,111,304,15374,vibration
152500,-1962,618,10407,landslide
152600,-243,-424,15077,vibration
152700,36,-18,16360,normal
152800,409,-428,16363,vibration
152900,18,46,16673,normal
153000,-29,6,16559,normal
153100,29,-28,16349,normal
153200,-49,-2,16220,normal
153300,-33,-9,16184,normal
153400,-351,-368,15090,vibration
153500,-244,178,16085,vibration
153600,26,-21,16256,normal
153700,-19,-37,16578,normal
153800,21,-38,16179,normal
153900,-29,-49,16583,normal
154000,-1518,1277,14430,landslide
154100,4,22,16053,normal
154200,-231,-274,14595,landslide
154300,245,335,15275,vibration
154400,-449,367,16157,vibration
154500,-483,-240,16208,vibration
154600,215,-9,15130,vibration
154700,-38,-16,16140,normal
154800,170,276,15588,vibration
154900,65,-466,16322,vibration
155000,44,44,16382,normal
155100,-421,-116,15385,vibration
155200,-317,-313,15621,vibration
155300,1,-28,16022,normal
155400,38,13,16478,normal
155500,386,-615,13815,landslide
155600,-29,43,16682,normal
155700,1210,271,10396,landslide
155800,-29,38,16438,normal
155900,904,-1576,14655,landslide
156000,31,-20,16177,normal
156100,1209,-239,14688,landslide
156200,318,-362,16276,vibration
156300,93,-100,15305,vibration
156400,40,-8,16138,normal
156500,-5,37,16563,normal
156600,350,191,10523,landslide
156700,-432,-500,16326,vibration
156800,-12,33,16031,normal
156900,-47,-34,16245,normal
157000,196,455,16362,vibration
157100,-1440,-320,11324,landslide
157200,-27,-27,16163,normal
157300,174,472,15673,vibration
157400,-548,-438,10378,landslide
157500,1292,1710,14215,landslide
157600,1668,1674,13039,landslide
157700,-43,-20,16614,normal
157800,-17,17,16450,normal
157900,-42,-48,16657,normal
158000,-352,-485,15802,vibration
158100,-701,-404,14020,landslide
158200,-1543,-114,14621,landslide
158300,464,44,15634,vibration
158400,298,-258,15286,vibration
158500,1261,-1123,11379,landslide
158600,94,-378,15824,vibration
158700,38,-42,16034,normal
158800,24,20,16546,normal
158900,32,-84,15241,vibration
159000,1270,-995,11315,landslide
159100,-767,117,15380,landslide
159200,39,-24,16344,normal
159300,-552,516,12612,landslide
159400,19,40,16201,normal
159500,280,411,15743,vibration
159600,-3,19,16036,normal
159700,141,-328,16226,vibration
159800,105,-215,16347,vibration
159900,-408,1504,13069,landslide
160000,428,324,15683,landslide
160100,-7,-20,16335,normal
160200,27,-26,16121,normal
160300,1099,361,13600,landslide
160400,-16,37,16516,normal
160500,18,-33,16325,normal
160600,30,28,16555,normal
160700,12,-972,14430,landslide
160800,-1290,-1993,10396,landslide
160900,1883,-1016,10781,landslide
161000,-1584,-316,14071,landslide
161100,0,45,16682,normal
161200,-309,62,15106,vibration
161300,-37,-31,16287,normal
161400,288,-362,15009,vibration
161500,-412,91,15677,vibration
161600,35,19,16315,normal
161700,43,-10,16089,normal
161800,745,1983,15287,landslide
161900,-48,18,16290,normal
162000,-424,432,15435,vibration
162100,-479,143,11380,landslide
162200,7,18,16675,normal
162300,-273,-315,15877,vibration
162400,38,-12,16256,normal
162500,43,13,16431,normal
162600,411,478,15641,vibration
162700,-1655,477,12481,landslide
162800,-1674,-1755,14843,landslide
162900,-29,-43,16462,normal
163000,-33,-37,16174,normal
163100,-1541,-578,14325,landslide
163200,-44,35,16287,normal
163300,-1379,1603,10797,landslide
163400,-678,-981,11504,landslide
163500,121,401,15419,vibration
163600,-141,452,15816,vibration
163700,363,-1207,15106,landslide
163800,556,1326,10737,landslide
163900,41,-29,16421,normal
164000,-25,-25,16558,normal
164100,-1546,-116,12502,landslide
164200,14,-40,16174,normal
164300,1930,1949,11631,landslide
164400,-6,3,16231,normal
164500,-9,-31,16315,normal
164600,-1493,720,12257,landslide
164700,-154,-276,15554,vibration
164800,22,-45,16645,normal
164900,-12,-22,16163,normal
165000,40,-1,16434,normal
165100,0,7,16681,normal
165200,31,6,16412,normal
165300,371,-390,10602,landslide
165400,24,-32,16654,normal
165500,-137,-120,15522,vibration
165600,359,-341,15882,vibration
165700,148,181,16197,vibration
165800,450,418,16239,vibration
165900,-2,49,16186,normal
166000,-1820,-1030,11383,landslide
166100,205,-379,15526,vibration
166200,-812,-1326,15266,landslide
166300,12,10,16535,normal
166400,433,-640,12698,landslide
166500,-35,-43,16067,normal
166600,-932,-371,13488,landslide
166700,2,-36,16344,normal
166800,391,399,15107,vibration
166900,199,683,11952,landslide
167000,-1970,1111,11688,landslide
167100,-2,18,16378,normal
167200,44,43,16467,normal
167300,-118,327,16316,vibration
167400,49,-27,16565,normal
167500,16,9,16019,normal
167600,11,-44,16465,normal
167700,-244,170,16149,vibration
167800,1594,1040,10812,landslide
167900,14,39,16180,normal
168000,-457,546,10978,landslide
168100,-25,2,16114,normal
168200,-18,-6,16606,normal
168300,1787,-958,11788,landslide
168400,22,-29,16307,normal
168500,213,-84,16423,vibration
168600,369,-466,16427,vibration
168700,47,31,16074,normal
168800,-377,163,15655,vibration
168900,50,-4,16013,normal
169000,28,-33,16195,normal
169100,-13,-454,15295,vibration
169200,273,-233,16398,vibration
169300,997,-1268,12496,landslide
169400,-40,-8,16603,normal
169500,-182,143,15267,vibration
169600,-425,-862,14190,landslide
169700,9,46,16271,normal
169800,-956,-779,12274,landslide
169900,8,22,16168,normal
170000,1940,-166,10988,landslide
170100,-374,986,12500,landslide
170200,-98,-474,16170,vibration
170300,478,443,15180,vibration
170400,-206,170,15757,vibration
170500,1822,-1383,10098,landslide
170600,-43,-11,16292,normal
170700,332,-372,15907,vibration
170800,30,39,16406,normal
170900,255,-1096,13797,landslide
171000,144,-263,16278,vibration
171100,-40,39,16221,normal
171200,-628,1190,15815,landslide
171300,-31,19,16387,normal
171400,16,5,16377,normal
171500,1911,1020,15874,landslide
171600,72,-221,15067,vibration
171700,-237,278,16247,vibration
171800,0,49,16465,normal
171900,282,-285,15627,vibration
172000,31,-35,16001,normal
172100,-48,4,16318,normal
172200,209,-60,15980,vibration
172300,-8,-47,16501,normal
172400,49,1,16054,normal
172500,-29,10,16632,normal
172600,21,34,16224,normal
172700,-1813,1482,12981,landslide
172800,-1305,-324,15674,landslide
172900,-422,387,16248,vibration
173000,-67,311,15802,vibration
173100,-21,-4,16038,normal
173200,-311,-43,15668,vibration
173300,37,-29,16319,normal
173400,-65,1846,13923,landslide
173500,-42,-19,16254,normal
173600,873,-228,10226,landslide
173700,-18,-49,16572,normal
173800,368,-700,15185,landslide
173900,0,19,16358,normal
174000,49,21,16580,normal
174100,-17,16,16426,normal
174200,-34,37,16226,normal
174300,-285,-1934,11306,landslide
174400,-373,98,16277,vibration
174500,-531,1215,10770,landslide
174600,-1644,249,14483,landslide
174700,-22,-18,16616,normal
174800,-440,144,15498,vibration
174900,-322,46,16111,vibration
175000,50,-20,16531,normal
175100,-1512,585,15410,landslide
175200,-535,-1052,12202,landslide
175300,-42,21,16597,normal
175400,729,1419,10010,landslide
175500,-42,22,16363,normal
175600,-48,34,16160,normal
175700,-48,-4,16448,normal
175800,-12,-23,16419,normal
175900,-861,-1677,11678,landslide
176000,-127,31,15466,vibration
176100,11,30,16203,normal
176200,12,-24,16434,normal
176300,46,50,16162,normal
176400,4,-29,16330,normal
176500,-2,-25,16655,normal
176600,-1920,1566,13335,landslide
176700,-23,-28,16477,normal
176800,-633,438,15448,landslide
176900,-12,35,16442,normal
177000,21,-44,16334,normal
177100,25,-336,15926,vibration
177200,-2,-49,16673,normal
177300,22,4,16217,normal
177400,-25,-10,16320,normal
177500,-9,36,16130,normal
177600,-35,-22,16107,normal
177700,42,-11,16163,normal
177800,1,-42,16654,normal
177900,-1738,788,15447,landslide
178000,-13,41,16385,normal
178100,41,4,16175,normal
178200,-1152,-443,10234,landslide
178300,-47,24,16204,normal
178400,1801,1985,14760,landslide
178500,-4,12,16162,normal
178600,13,-11,16381,normal
178700,-1970,-1922,10855,landslide
178800,519,-162,11968,landslide
178900,-38,6,16588,normal
179000,30,36,16656,normal
179100,289,291,16270,vibration
179200,40,-1753,13960,landslide
179300,-243,440,16329,vibration
179400,-525,-1877,11484,landslide
179500,226,24,15732,vibration
179600,-1479,-987,12279,landslide
179700,-388,-499,15344,vibration
179800,-49,-29,16029,normal
179900,35,-26,16577,normal
180000,1043,-54,12207,landslide
180100,38,-43,16691,normal
180200,11,20,16428,normal
180300,-2,-7,16134,normal
180400,1446,-202,15495,landslide
180500,-22,-24,16108,normal
180600,-353,-255,15939,vibration
180700,44,17,16165,normal
180800,10,2,16240,normal
180900,42,50,16144,normal
181000,-317,-389,15999,vibration
181100,-18,-13,16199,normal
181200,-146,-218,15297,vibration
181300,1625,-778,11317,landslide
181400,32,11,16136,normal
181500,-273,75,16300,vibration
181600,-15,5,16136,normal
181700,-1660,1827,15933,landslide
181800,-92,-1143,11698,landslide
181900,26,39,16651,normal
182000,-92,159,15089,vibration
182100,219,-882,15400,landslide
182200,1649,-252,11015,landslide
182300,-958,-549,15550,landslide
182400,476,-264,16455,vibration
182500,-444,-1004,15791,landslide
182600,14,24,15077,vibration
182700,1373,1093,14182,landslide
182800,27,-47,16005,normal
182900,-44,11,16128,normal
183000,158,99,15352,vibration
183100,-337,347,16323,vibration
183200,45,46,16192,normal
183300,-4,-20,16503,normal
183400,-503,726,11292,landslide
183500,14,5,16031,normal
183600,-33,-43,16337,normal
183700,28,40,16128,normal
183800,-21,-44,16056,normal
183900,7,46,16546,normal
184000,1728,1748,14517,landslide
184100,-736,-1247,11942,landslide
184200,48,43,16025,normal
184300,13,-10,16209,normal
184400,-5,-23,16603,normal
184500,210,450,16123,vibration
184600,-70,1269,14617,landslide
184700,-5,-17,16212,normal
184800,-82,-1504,12504,landslide
184900,45,-31,16028,normal
185000,1352,1004,12253,landslide
185100,-14,-14,16211,normal
185200,9,1,16560,normal
185300,14,-27,16233,normal
185400,10,50,16390,normal
185500,-528,-33,12031,landslide
185600,9,-30,16350,normal
185700,46,232,15870,vibration
185800,-329,278,15309,vibration
185900,-49,34,16007,normal
186000,6,-3,16199,normal
186100,-132,7,16139,vibration
186200,43,-49,16334,normal
186300,-44,-46,16393,normal
186400,-1110,-1719,10319,landslide
186500,-26,497,15122,vibration
186600,-45,46,16024,normal
186700,-1362,-53,15827,landslide
186800,47,21,16482,normal
186900,312,949,10006,landslide
187000,-259,-292,16381,vibration
187100,17,29,16287,normal
187200,40,25,16260,normal
187300,242,-1821,14608,landslide
187400,734,1665,15802,landslide
187500,-233,-1276,15421,landslide
187600,-29,25,16432,normal
187700,-856,675,10782,landslide
187800,-494,-118,15398,vibration
187900,1323,-1011,13802,landslide
188000,-47,-35,16139,normal
188100,-256,366,15911,vibration
188200,-1143,-1211,10375,landslide
188300,-13,6,16332,normal
188400,-297,84,15891,vibration
188500,-4,-31,16090,normal
188600,-1688,-623,15745,landslide
188700,-5,40,16333,normal
188800,-1591,-1011,13862,landslide
188900,-151,45,15721,vibration
189000,16,-35,16326,normal
189100,-11,-49,16269,normal
189200,-25,23,16399,normal
189300,14,47,16185,normal
189400,-31,49,16589,normal
189500,216,373,16427,vibration
189600,495,452,15248,vibration
189700,37,21,16382,normal
189800,398,-81,15108,vibration
189900,29,-30,16067,normal
190000,29,1048,12687,landslide
190100,-130,-460,15209,vibration
190200,22,-50,16298,normal
190300,6,-38,16548,normal
190400,36,-26,16486,normal
190500,-33,-20,16622,normal
190600,567,564,10462,landslide
190700,-408,1200,13496,landslide
190800,10,18,16578,normal
190900,19,-30,16494,normal
191000,218,-21,15347,vibration
191100,9,-18,16152,normal
191200,41,11,16271,normal
191300,-33,43,16300,normal
191400,32,-9,16290,normal
191500,35,-6,16662,normal
191600,-3,13,16529,normal
191700,-970,1839,11174,landslide
191800,-45,19,16010,normal
191900,212,1110,14326,landslide
192000,-30,26,16373,normal
192100,1994,352,11389,landslide
192200,908,1404,11227,landslide
192300,11,21,16645,normal
192400,-1142,-238,11807,landslide
192500,43,2,16643,normal
192600,1773,555,10000,landslide
192700,-743,-487,12389,landslide
192800,14,-44,16629,normal
192900,-9,31,16401,normal
193000,-84,-93,15538,vibration
193100,1297,-923,12851,landslide
193200,46,-5,16219,normal
193300,-20,29,16191,normal
193400,-1365,848,14677,landslide
193500,-259,-262,15238,vibration
193600,202,-439,15186,vibration
193700,-37,24,16466,normal
193800,-35,10,16692,normal
193900,287,-104,15352,vibration
194000,11,-30,16329,normal
194100,-50,18,16493,normal
194200,38,-15,16521,normal
194300,-2,-13,16528,normal
194400,-37,-25,16384,normal
194500,208,338,15523,vibration
194600,845,-612,14136,landslide
194700,1,4,16273,normal
194800,64,-176,15278,vibration
194900,22,-40,16575,normal
195000,24,-421,15144,vibration
195100,-1497,1897,14175,landslide
195200,1044,1924,13373,landslide
195300,94,171,11878,landslide
195400,-425,1707,14744,landslide
195500,1812,818,13494,landslide
195600,297,-214,15119,vibration
195700,-35,-31,16639,normal
195800,509,-197,13521,landslide
195900,285,104,15433,vibration
196000,47,2,16079,normal
196100,458,1147,12526,landslide
196200,-10,41,16012,normal
196300,-176,65,16109,vibration
196400,9,-34,16127,normal
196500,31,31,16614,normal
196600,11,-30,16142,normal
196700,-25,-19,16183,normal
196800,362,-471,15541,vibration
196900,-152,374,13184,landslide
197000,-66,-272,15898,vibration
197100,-415,-21,16399,vibration
197200,338,374,15923,vibration
197300,-263,29,15498,vibration
197400,138,49,15957,vibration
197500,305,-1846,15806,landslide
197600,6,-7,16600,normal
197700,-8,-25,16585,normal
197800,3,10,16057,normal
197900,-40,17,16393,normal
198000,11,-21,16573,normal
198100,1075,543,15650,landslide
198200,219,-239,15708,vibration
198300,38,-45,16656,normal
198400,-102,-4,16170,vibration
198500,-1274,896,15390,landslide
198600,50,-15,16075,normal
198700,38,12,16457,normal
198800,-24,-168,14812,landslide
198900,202,-272,15861,vibration
199000,-455,-932,14656,landslide
199100,-7,28,16541,normal
199200,35,15,16047,normal
199300,-17,42,16513,normal
199400,1788,-1487,10621,landslide
199500,315,-478,16126,vibration
199600,-373,230,15628,vibration
199700,-26,35,16081,normal
199800,107,128,16165,vibration
199900,-340,-142,15441,vibration
